customer_id,city,street,house_number,flat_number
1,San Jose,Grove St,72,10
2,Jacksonville,Fern St,226,32
3,Charlotte,Willow Ln,11,10
4,Austin,Fern St,65,22
5,Houston,Juniper Ln,106,36
6,New York City,Forest Ave,268,63
7,Jacksonville,Waverly Pl,239,89
8,Denver,Garden Ave,114,59
9,Chicago,Park Ave,144,76
10,Seattle,Juniper Ln,118,89
11,Washington DC,Tulip Ln,52,45
12,Dallas,River Rd,28,11
13,Denver,Tulip Ln,237,86
14,Indianapolis,Mallard Ln,37,49
15,Austin,Meadow Ln,257,30
16,San Francisco,Sunset Blvd,149,22
17,Philadelphia,Tulip Ln,133,10
18,Washington DC,Oak St,132,42
19,Seattle,Oakwood Dr,153,10
20,Denver,Kensington Rd,59,39
21,San Francisco,Maple Ave,282,86
22,San Francisco,High St,49,17
23,Phoenix,Spruce St,5,75
24,San Antonio,Pine St,297,82
25,Columbus,Magnolia Dr,27,85
26,Los Angeles,Sagebrush Ln,26,97
27,San Jose,Mallard Ln,147,81
28,Jacksonville,Jade Ct,37,62
29,Chicago,Valley View Dr,88,5
30,Indianapolis,Forest Ave,264,28
31,San Jose,Sycamore St,175,63
32,Phoenix,Quail Run,221,94
33,Washington DC,Alpine Rd,96,63
34,Chicago,Maple Ave,161,40
35,Columbus,Tulip Ln,113,94
36,Columbus,Ivy Ct,162,99
37,Washington DC,Waverly Pl,102,30
38,Denver,School St,103,6
39,San Jose,Glenwood Dr,113,44
40,Charlotte,Rosewood Ave,126,74
41,Phoenix,Jade Ct,207,8
42,San Francisco,Garden Ave,155,72
43,Charlotte,Magnolia Dr,225,69
44,Dallas,Tulip Ln,177,38
45,Seattle,Spruce St,126,13
46,Austin,Elm St,39,81
47,Columbus,Magnolia Dr,133,25
48,San Diego,Cypress Ave,48,59
49,San Jose,Birch St,213,52
50,Los Angeles,Upland Rd,106,16
51,Fort Worth,Fern St,104,27
52,Washington DC,Quail Run,16,66
53,Chicago,Lakeview Dr,289,53
54,Jacksonville,Devonshire Ln,95,42
55,Philadelphia,Sunset Blvd,252,97
56,Columbus,Willow Ln,233,81
57,Seattle,Market St,156,56
58,San Diego,Kensington Rd,234,75
59,Chicago,Lakeview Dr,242,79
60,Phoenix,Jasmine Ln,40,7
61,San Francisco,Acorn Way,272,40
62,Houston,Main St,16,86
63,Philadelphia,Noble St,166,51
64,Phoenix,Forest Ave,271,14
65,Columbus,Garden Ave,122,52
66,Phoenix,High St,120,69
67,San Diego,Jade Ct,242,32
68,Los Angeles,Heather Ln,106,30
69,New York City,Yellowstone Blvd,89,40
70,San Francisco,Peachtree Ln,137,42
71,San Francisco,Glenwood Dr,178,23
72,San Diego,Main St,265,55
73,Washington DC,Beech St,259,76
74,Indianapolis,Willow Ln,5,95
75,New York City,Tulip Ln,60,54
76,Columbus,Xenon Way,244,83
77,San Antonio,Birch St,172,31
78,Charlotte,Yellowstone Blvd,133,18
79,Houston,Garden Ave,272,69
80,Denver,Cypress Ave,126,68
81,Seattle,Magnolia Dr,183,31
82,Washington DC,Holly Dr,116,17
83,Columbus,Cedar Ln,156,81
84,Fort Worth,Cherry St,133,90
85,Columbus,Church St,220,31
86,Jacksonville,Acorn Way,38,23
87,San Diego,Maple Ave,33,41
88,San Antonio,Lincoln St,296,89
89,Charlotte,Buckingham Dr,207,73
90,San Jose,Noble St,277,29
91,San Antonio,Forest Ave,229,1
92,Philadelphia,Evergreen Ter,120,20
93,San Diego,Kensington Rd,206,26
94,Austin,River Rd,170,46
95,Phoenix,Kensington Rd,297,49
96,Dallas,Fern St,291,6
97,Indianapolis,Zephyr Ln,54,41
98,Charlotte,Washington Ave,203,99
99,Fort Worth,Cedar Ln,6,57
100,Los Angeles,Buckingham Dr,169,31
