author_id,firstname,lastname,country
1,Adrienne,Balmer,Indonesia
2,Neda,Baudinelli,Indonesia
3,Faun,McNiven,Serbia
4,Vanny,Simeon,Croatia
5,Kippy,Mc Comb,Myanmar
6,Timothee,Galfour,Bulgaria
7,Celesta,Learmouth,Slovenia
8,Tallie,Lasslett,China
9,Agnola,Zanre,China
10,Cassi,Binstead,Morocco
11,Emmie,Sheddan,France
12,Mateo,Lack,Indonesia
13,Orelle,Goosey,China
14,Grange,Pollen,Ukraine
15,Em,Barts,Canada
16,Barclay,Hablot,Indonesia
17,Leon,Wadworth,China
18,Demetrius,Denerley,Norway
19,Gisele,Sinott,Indonesia
20,Doloritas,Le-Good,Peru
21,Huntley,Dmiterko,Indonesia
22,Jamison,Christofe,Venezuela
23,Loella,Hentzeler,Thailand
24,Ilka,Kemell,Thailand
25,Sherrie,Gilpillan,Russia
26,Nertie,Thirlwall,Japan
27,Wallace,Talby,Greece
28,Ford,Risbie,Poland
29,Marlowe,Kleynermans,China
30,Lisetta,Barfitt,Russia
31,Karlotta,Van Son,Cambodia
32,Alanson,De Vile,Indonesia
33,Sheila,Buddle,Poland
34,Sosanna,Clampton,Brazil
35,Latrina,Lavery,China
36,Elmo,Felipe,Mexico
37,Berenice,Danahar,China
38,Brooke,Pellant,Japan
39,Jami,Bayly,Indonesia
40,Haroun,Zannutti,Armenia
41,Rachelle,Brandle,Brazil
42,Cherianne,Palia,Poland
43,Marrilee,Longfoot,Indonesia
44,Tova,Ties,France
45,Andrea,Bolus,Indonesia
46,Ivette,Chilles,Nigeria
47,Lazaro,Piggin,China
48,Blinni,Badrick,Japan
49,Grant,Colston,Mexico
50,Jacquetta,Franzoli,Indonesia
51,Alleyn,Koppen,Thailand
52,Hermia,Capp,Sweden
53,Peder,Youhill,Indonesia
54,Toddy,Ragat,Nigeria
55,Christal,Tebboth,Greece
56,Zorine,Churchman,Indonesia
57,Shirline,Tzar,Colombia
58,Patrizius,Tremble,Greece
59,Janey,De Dei,Indonesia
60,Abbe,Belchem,China
61,Wilhelm,Morston,Philippines
62,Tory,Clynman,China
63,Bert,Dalston,Russia
64,Moreen,Melling,Indonesia
65,Laina,Faragher,Indonesia
66,Kissie,Quin,Mexico
67,Nerita,Andreix,Indonesia
68,Joana,Birks,Indonesia
69,Josh,MacIntosh,Poland
70,Isidro,Faldo,Senegal
71,Menard,Snow,China
72,Sharla,Bonn,Azerbaijan
73,Marlin,Tolwood,Slovenia
74,Gwenora,Adan,Indonesia
75,Valerie,Cheesman,Montenegro
76,Martica,Rignold,Greece
77,Donny,Gallehawk,Philippines
78,Sherry,Glazzard,Indonesia
79,Clari,Bibb,Indonesia
80,Aubrette,Songhurst,Argentina
81,Hamish,Letchford,Slovakia
82,Kingsley,Stancliffe,Mexico
83,Burnard,Brenston,Philippines
84,Demetre,Lewington,Portugal
85,Kienan,Huggan,Brazil
86,Bibby,Snap,China
87,Maybelle,Jaffra,Panama
88,Celestyna,Hatfull,Philippines
89,Kamillah,Le Fleming,United States
90,Tandie,Roughey,Indonesia
91,Alphonso,Opdenorth,Ukraine
92,Lanie,McComb,China
93,Elfreda,Avarne,Madagascar
94,Axel,Wiggans,Philippines
95,Pietra,Forgie,Spain
96,Sibby,Netti,Honduras
97,Sophronia,Elmhirst,Micronesia
98,Kissiah,Beamont,China
99,Obediah,McMichael,China
100,Lenard,Ghidotti,Mongolia
