book_id,title,author_id,publisher_id,publishdate,pages,price,isbn,cover,stock
1,The Great Gatsby,53,41,1/7/1996,583,9800,867435785-7,paperback,133
2,To Kill a Mockingbird,39,26,7/4/1993,583,15500,474143571-7,paperback,268
3,1984,38,47,1/21/1991,488,2100,968486648-8,paperback,197
4,Pride and Prejudice,20,35,10/20/1998,339,6300,088565421-8,hardcover,33
5,The Catcher in the Rye,38,62,2/2/1995,424,16600,960588981-1,paperback,111
6,The Lord of the Rings,37,52,12/9/1995,618,18000,717031887-3,paperback,436
7,The Hobbit,62,66,5/19/2013,578,10900,744188256-7,paperback,614
8,The Da Vinci Code,63,47,4/22/2017,379,11500,184748338-0,hardcover,572
9,The Girl with the Dragon Tattoo,47,49,10/27/2009,561,6600,057521355-8,paperback,298
10,The Hunger Games,17,21,2/23/2017,566,12900,852864783-8,hardcover,430
11,The Fault in Our Stars,21,31,6/27/1998,583,16400,650647427-0,paperback,83
12,The Alchemist,37,15,5/8/2017,400,18500,091993763-2,paperback,70
13,The Chronicles of Narnia,29,60,12/21/1995,558,8100,279906806-5,paperback,61
14,The Picture of Dorian Gray,14,30,11/16/2010,399,11000,026909821-6,paperback,291
15,The Adventures of Sherlock Holmes,4,63,3/10/2010,426,10100,389610113-7,paperback,478
16,The Color Purple,12,18,10/16/1992,627,6700,938967752-1,hardcover,16
17,The Grapes of Wrath,40,41,7/2/2008,460,4200,820865862-6,paperback,382
18,The Sun Also Rises,63,60,1/17/1993,472,4000,510183608-7,paperback,461
19,The Old Man and the Sea,67,59,2/19/2002,618,2200,159214559-0,hardcover,73
20,The Sound and the Fury,31,47,6/12/2009,618,16600,362117519-9,hardcover,192
21,The Bell Jar,14,49,12/5/2012,566,8100,717736946-5,hardcover,356
22,The Handmaid's Tale,47,59,11/30/2011,697,17100,082862654-5,hardcover,690
23,The Kite Runner,38,1,5/10/1990,672,13900,267001633-2,paperback,582
24,The Book Thief,30,37,9/28/2010,331,3400,234943610-1,hardcover,608
25,The Road,25,2,1/20/2006,458,16400,837223548-1,paperback,329
26,The Stand,22,19,9/13/2014,599,13900,476793760-4,paperback,478
27,The Shining,70,66,4/3/2002,317,10700,620048249-7,hardcover,122
28,The Green Mile,47,39,7/12/1993,422,16300,611122385-2,hardcover,345
29,The Godfather,49,38,11/11/2008,396,12500,438338878-7,hardcover,621
30,The Silence of the Lambs,9,30,7/31/2017,652,8800,542189555-6,hardcover,622
31,The Bourne Identity,62,47,6/14/1993,300,10300,696610108-7,paperback,26
32,The Hitchhiker's Guide to the Galaxy,26,56,6/17/2015,550,18300,287804194-1,paperback,139
33,The Martian,31,19,11/7/2017,316,17100,330860239-3,paperback,343
34,The Help,5,54,7/30/1991,556,19100,816447157-7,paperback,99
35,The Secret Life of Bees,6,13,1/11/2008,414,9600,786183977-X,hardcover,332
36,The Lovely Bones,56,50,6/14/2011,485,4800,135599402-0,hardcover,569
37,The Time Traveler's Wife,56,43,11/16/2017,441,8900,448442645-5,hardcover,44
38,The Giver,41,63,12/24/2008,552,3900,269600299-1,hardcover,273
39,The Maze Runner,54,14,5/17/2007,447,10200,346318718-3,paperback,642
40,The Fault in Our Stars,35,38,1/31/2018,699,14000,687444745-9,paperback,602
41,The Hunger Games,38,41,5/2/2017,527,14500,193433960-1,paperback,143
42,The Girl on the Train,30,2,1/25/2002,321,14300,280955033-6,hardcover,641
43,The Nightingale,12,4,7/9/1997,677,16000,086165471-4,paperback,207
44,The Immortal Life of Henrietta Lacks,41,58,9/18/1993,504,8400,137056507-0,paperback,122
45,The Glass Castle,24,30,12/1/2014,568,19100,851446513-9,hardcover,462
46,The Devil Wears Prada,10,17,2/28/2004,502,3400,017151256-1,paperback,607
47,The Notebook,61,42,12/28/2004,585,7800,316714169-7,hardcover,214
48,The Bridges of Madison County,57,51,10/26/1995,340,19600,066494147-8,paperback,162
49,The Joy Luck Club,37,48,7/13/2001,438,3900,359717374-8,hardcover,547
50,The Color of Water,39,62,4/18/2009,515,12300,192326310-2,paperback,119
51,The House on Mango Street,26,44,12/22/1997,637,4200,608750677-2,paperback,115
52,The Poisonwood Bible,40,60,4/5/2015,490,9600,759369847-5,paperback,467
53,The Handmaid's Tale,47,10,7/4/2000,488,11600,398068833-X,hardcover,280
54,The Road Less Traveled,17,27,1/23/1992,645,17000,990576846-7,hardcover,396
55,The Power of Now,46,3,4/30/2012,434,19900,176601920-X,paperback,130
56,The 7 Habits of Highly Effective People,6,61,4/25/2009,611,5000,158339258-0,hardcover,22
57,The Art of War,45,45,3/29/1999,312,13900,054441742-9,hardcover,84
58,The Prince,62,5,3/26/2002,438,17200,537385886-2,paperback,572
59,The Wealth of Nations,61,56,9/6/2013,686,8700,871397725-3,hardcover,685
60,The Communist Manifesto,57,41,1/15/1997,350,5500,304370383-9,paperback,411
61,The Origin of Species,49,38,3/25/2012,551,6100,395463194-6,paperback,6
62,The Interpretation of Dreams,49,9,10/31/1992,483,13200,417692110-2,hardcover,83
63,The Republic,7,27,5/23/2013,554,19300,991950483-1,hardcover,405
64,The Divine Comedy,37,45,10/13/1994,411,12900,941321465-4,paperback,239
65,The Canterbury Tales,11,7,10/21/2003,526,17800,262797490-4,hardcover,489
66,The Iliad,49,62,5/31/2017,490,2400,741225317-4,hardcover,205
67,The Odyssey,67,5,12/20/1998,521,19900,695847156-3,hardcover,463
68,The Aeneid,23,20,12/28/2004,378,6600,693577679-1,paperback,547
69,The Inferno,40,13,3/22/2010,483,2400,010054002-3,hardcover,656
70,The Divine Comedy,11,14,9/11/2001,427,13500,833240609-9,hardcover,367
71,The Canterbury Tales,11,5,6/14/2017,690,7100,982112121-7,paperback,689
72,The Prince and the Pauper,3,13,11/14/2009,316,9400,587746334-9,paperback,640
73,The Adventures of Tom Sawyer,48,26,5/29/2016,508,18500,768401564-8,paperback,36
74,The Adventures of Huckleberry Finn,27,33,10/27/2003,418,14300,132495613-5,hardcover,599
75,The Call of the Wild,43,34,8/26/2000,546,5200,062180169-0,hardcover,168
76,The Jungle Book,23,68,7/28/2000,387,5800,829868810-4,hardcover,121
77,The Wind in the Willows,55,16,9/2/1997,331,15600,892492625-X,paperback,128
78,The Secret Garden,45,63,11/16/2003,488,18800,508876565-7,paperback,117
79,The Little Prince,46,14,1/10/1999,400,2000,510887154-6,hardcover,45
80,The Giving Tree,64,54,12/13/2012,690,2500,682367713-9,hardcover,286
81,The Cat in the Hat,58,59,11/30/1990,425,5500,990562682-4,hardcover,365
82,The Very Hungry Caterpillar,46,40,10/10/2007,637,4600,350771426-4,paperback,119
83,Where the Wild Things Are,42,5,3/23/2016,476,8300,687435416-7,hardcover,502
84,Goodnight Moon,19,9,7/24/1998,461,19500,423880783-9,hardcover,8
85,Curious George,42,26,5/18/2012,596,14900,439603576-4,hardcover,115
86,Corduroy,1,66,6/28/2002,596,10500,422708638-8,hardcover,98
87,Caps for Sale,2,38,1/20/2002,589,9200,726937427-9,hardcover,336
88,Make Way for Ducklings,8,69,2/17/1995,455,18000,645732136-4,paperback,634
89,The Story of Ferdinand,24,21,5/13/2006,405,17000,173476836-3,paperback,115
90,Mike Mulligan and His Steam Shovel,44,7,10/15/1994,508,15800,550928172-3,hardcover,472
91,The Snowy Day,7,6,6/3/2008,598,14000,061299680-8,paperback,216
92,Harold and the Purple Crayon,48,7,8/25/2002,365,3100,871564404-9,paperback,398
93,Madeline,50,30,10/31/1998,547,8400,708452808-3,hardcover,434
94,The Velveteen Rabbit,63,3,1/25/2008,486,4800,628719558-4,hardcover,391
95,The Tale of Peter Rabbit,70,16,7/9/2015,675,17400,868424065-0,hardcover,693
96,The Great Gatsby,50,17,12/8/2014,362,18500,640930629-6,paperback,290
97,To Kill a Mockingbird,50,58,1/16/2008,346,2300,840098836-1,hardcover,123
98,1984,16,3,12/22/2000,595,7200,212413954-1,hardcover,310
99,Pride and Prejudice,30,52,9/3/2009,588,9300,094562968-0,paperback,93
100,The Catcher in the Rye,6,66,4/12/2005,661,2900,232644708-5,hardcover,53
