customer_id,firstname,lastname,phone,email
1,Alain,Hiddersley,8-777-762-10-29,ahiddersley0@istockphoto.com
2,Bliss,Godleman,8-708-535-97-53,bgodleman1@technorati.com
3,Andra,Beazer,8-747-948-28-33,abeazer2@flavors.me
4,Coral,Predohl,8-747-512-57-37,cpredohl3@admin.ch
5,Silvester,Wantling,8-706-883-51-58,swantling4@seattletimes.com
6,Pascal,Hopfer,8-777-869-82-35,phopfer5@fc2.com
7,Rik,Flasby,8-747-304-82-41,rflasby6@opensource.org
8,Hatti,Soles,8-708-258-81-10,hsoles7@ca.gov
9,Adelina,Vondracek,8-708-926-33-44,avondracek8@w3.org
10,Kelbee,Lehrmann,8-708-125-64-52,klehrmann9@home.pl
11,Emiline,Salling,8-747-395-46-10,esallinga@yahoo.com
12,Sandie,Blackbrough,8-708-768-24-90,sblackbroughb@youtube.com
13,Grenville,McLleese,8-708-793-95-49,gmclleesec@shop-pro.jp
14,Sissie,Bottleson,8-708-374-28-29,sbottlesond@fema.gov
15,Sib,Lovat,8-706-681-74-91,slovate@furl.net
16,Ardeen,Maffey,8-708-189-80-21,amaffeyf@nature.com
17,Ninette,Philipart,8-708-848-27-57,nphilipartg@mapy.cz
18,Erinna,Leagas,8-777-879-70-26,eleagash@e-recht24.de
19,Enoch,Clardge,8-706-228-82-98,eclardgei@scribd.com
20,Hillie,Houseman,8-747-346-16-63,hhousemanj@baidu.com
21,Samson,Larby,8-706-419-90-78,slarbyk@fda.gov
22,Maurene,Shrubsall,8-708-782-58-77,mshrubsalll@moonfruit.com
23,Cloris,Denny,8-706-735-96-71,cdennym@washingtonpost.com
24,Perrine,Olivi,8-708-800-65-99,polivin@elegantthemes.com
25,Shane,Tidridge,8-708-899-83-52,stidridgeo@hud.gov
26,Yvette,Bromfield,8-777-601-45-12,ybromfieldp@gnu.org
27,Lorinda,Willmot,8-708-976-22-67,lwillmotq@google.ca
28,Ernaline,Maestro,8-706-365-64-38,emaestror@ovh.net
29,Albina,Castagno,8-706-764-47-77,acastagnos@yellowbook.com
30,Noble,Mavin,8-708-281-27-95,nmavint@angelfire.com
31,Ainslie,Jaskiewicz,8-777-316-84-58,ajaskiewiczu@com.com
32,Ianthe,Boddice,8-747-756-26-23,iboddicev@msn.com
33,Lemuel,Dowall,8-777-709-73-29,ldowallw@ed.gov
34,Melesa,Osgerby,8-708-681-31-94,mosgerbyx@newsvine.com
35,Linell,Eveque,8-777-748-95-64,levequey@vimeo.com
36,Sasha,Mion,8-747-385-50-38,smionz@woothemes.com
37,Aida,Egdell,8-747-420-55-64,aegdell10@wsj.com
38,Marmaduke,Binning,8-706-388-33-32,mbinning11@nifty.com
39,Archer,Scrannage,8-706-639-27-51,ascrannage12@printfriendly.com
40,Consuelo,Roxbrough,8-708-932-94-50,croxbrough13@indiegogo.com
41,Sibbie,Druhan,8-747-623-14-61,sdruhan14@boston.com
42,Judye,Leffek,8-777-547-49-58,jleffek15@weebly.com
43,Jonis,Folbige,8-747-395-86-64,jfolbige16@msn.com
44,Bambi,Balderston,8-706-270-90-30,bbalderston17@so-net.ne.jp
45,Lonnie,Scroggie,8-747-743-21-76,lscroggie18@uol.com.br
46,Lorry,Glenister,8-708-508-26-76,lglenister19@google.ca
47,Marquita,Hegges,8-777-156-16-19,mhegges1a@cyberchimps.com
48,Gaby,Grovier,8-708-299-31-67,ggrovier1b@bigcartel.com
49,Tamiko,McGlue,8-747-245-79-98,tmcglue1c@biglobe.ne.jp
50,Chauncey,Sydall,8-706-843-53-42,csydall1d@people.com.cn
51,Winnie,McGenn,8-777-495-17-24,wmcgenn1e@google.co.jp
52,Wendie,De Biasio,8-777-812-63-25,wdebiasio1f@constantcontact.com
53,Willetta,Rist,8-708-414-97-86,wrist1g@dion.ne.jp
54,Marice,Ingman,8-706-666-56-45,mingman1h@ucoz.ru
55,Ninnette,Paulsen,8-747-865-60-60,npaulsen1i@whitehouse.gov
56,Katusha,Mannakee,8-708-958-72-16,kmannakee1j@chicagotribune.com
57,Emmalee,Wallentin,8-706-278-56-59,ewallentin1k@jiathis.com
58,Jorge,Huke,8-777-627-73-53,jhuke1l@unicef.org
59,Meris,Tinsley,8-747-233-66-56,mtinsley1m@typepad.com
60,Felice,Tesseyman,8-747-509-61-30,ftesseyman1n@usa.gov
61,Felicle,Gascoyne,8-706-914-74-64,fgascoyne1o@google.nl
62,Davon,Ewbach,8-747-787-69-76,dewbach1p@economist.com
63,Kane,Draisey,8-706-969-94-13,kdraisey1q@cnbc.com
64,Diana,Barthram,8-706-617-90-50,dbarthram1r@macromedia.com
65,Grady,Tumelty,8-777-623-15-39,gtumelty1s@nps.gov
66,Dunn,Astill,8-708-263-59-66,dastill1t@symantec.com
67,Noak,Bowmer,8-777-442-10-30,nbowmer1u@ovh.net
68,Skylar,Burnand,8-706-257-17-36,sburnand1v@businessweek.com
69,Nedda,Bachs,8-708-933-18-79,nbachs1w@123-reg.co.uk
70,Eachelle,Grinaway,8-706-104-36-59,egrinaway1x@mashable.com
71,Alvira,McLaren,8-777-399-23-97,amclaren1y@youku.com
72,Zoe,Medina,8-708-519-96-69,zmedina1z@uiuc.edu
73,Rollin,Rosenwasser,8-777-878-23-35,rrosenwasser20@google.es
74,Samuel,Foldes,8-747-203-79-99,sfoldes21@csmonitor.com
75,Archibaldo,Float,8-747-163-20-11,afloat22@hao123.com
76,Marya,Dukes,8-708-951-28-98,mdukes23@youku.com
77,Giacomo,Janous,8-706-983-90-00,gjanous24@upenn.edu
78,Irwin,Thomsen,8-706-460-84-30,ithomsen25@nationalgeographic.com
79,Chlo,Reford,8-777-830-93-43,creford26@kickstarter.com
80,Patricio,Honeyghan,8-747-931-45-14,phoneyghan27@dot.gov
81,Constancy,Snodin,8-777-580-89-49,csnodin28@odnoklassniki.ru
82,Koren,Charette,8-706-235-27-48,kcharette29@google.de
83,Salim,Neeves,8-777-279-88-96,sneeves2a@addthis.com
84,Cooper,Pavluk,8-706-178-77-59,cpavluk2b@rambler.ru
85,Wilhelmine,O'Brogane,8-706-691-97-16,wobrogane2c@livejournal.com
86,Lenee,Benfield,8-747-181-65-44,lbenfield2d@smh.com.au
87,Jeffy,Laminman,8-708-239-79-39,jlaminman2e@ebay.co.uk
88,Robena,Alejo,8-777-787-65-28,ralejo2f@yellowpages.com
89,Avictor,Burnyeat,8-706-424-89-71,aburnyeat2g@phpbb.com
90,Antoinette,Billison,8-747-452-93-52,abillison2h@chron.com
91,Clerc,Lambourne,8-747-619-83-81,clambourne2i@pen.io
92,Deloris,Cullotey,8-747-597-64-34,dcullotey2j@cisco.com
93,Ignacio,Wickins,8-708-594-20-84,iwickins2k@bbc.co.uk
94,Filia,Whild,8-777-696-81-59,fwhild2l@soundcloud.com
95,Florrie,Ferrandez,8-708-823-23-20,fferrandez2m@icq.com
96,Christalle,Mockett,8-706-884-43-51,cmockett2n@odnoklassniki.ru
97,Stevy,Feyer,8-747-537-11-94,sfeyer2o@ameblo.jp
98,Jackquelin,Thridgould,8-708-193-93-46,jthridgould2p@reddit.com
99,Cal,McArthur,8-777-203-20-14,cmcarthur2q@latimes.com
100,Welch,Ingre,8-777-170-35-22,wingre2r@loc.gov
