order_id,customer_id,orderdate,totalamount,additional,status,payment_method,payment_status
1,39,3/29/2023,5,Aliquam quis turpis eget elit sodales scelerisque. Mauris sit amet,Shipped,Credit card,Not paid
2,38,11/19/2022,7,"Maecenas leo odio, condimentum id, luctus nec, molestie sed, justo",Delivered,Credit card,Paid
3,1,1/16/2023,13,Morbi non lectus. Aliquam sit amet diam in magna bibendum imperdie,Shipped,Cash,Paid
4,3,3/8/2023,3,"Mauris enim leo, rhoncus sed, vestibulum sit amet, cursus id, turp",Shipped,Credit card,Not paid
5,11,11/29/2022,11,"Mauris enim leo, rhoncus sed, vestibulum sit amet, cursus id, turp",Shipped,Credit card,Not paid
6,59,3/3/2023,6,Morbi porttitor lorem id ligula. Suspendisse ornare consequat lect,Pending,Credit card,Not paid
7,59,7/22/2022,14,"Nam ultrices, libero non mattis pulvinar, nulla pede ullamcorper a",Shipped,Cash,Paid
8,51,8/11/2022,12,"In sagittis dui vel nisl. Duis ac nibh. Fusce lacus purus, aliquet",Pending,Cash,Not paid
9,61,6/20/2022,15,Morbi non lectus. Aliquam sit amet diam in magna bibendum imperdie,Pending,Credit card,Paid
10,58,5/10/2022,7,Cras non velit nec nisi vulputate nonummy. Maecenas tincidunt lacu,Pending,Credit card,Not paid
11,44,11/11/2022,1,Proin interdum mauris non ligula pellentesque ultrices. Phasellus ,Shipped,Credit card,Not paid
12,66,11/5/2022,3,Phasellus in felis. Donec semper sapien a libero. Nam dui.,Delivered,Credit card,Not paid
13,51,7/22/2022,3,Phasellus in felis. Donec semper sapien a libero. Nam dui.,Pending,Cash,Paid
14,14,2/18/2023,6,"Lorem ipsum dolor sit amet, consectetuer adipiscing elit. Proin ri",Delivered,Cash,Paid
15,16,9/16/2022,15,"Cum sociis natoque penatibus et magnis dis parturient montes, nasc",Shipped,Credit card,Not paid
16,39,5/6/2022,4,Aliquam quis turpis eget elit sodales scelerisque. Mauris sit amet,Delivered,Credit card,Not paid
17,47,2/4/2023,8,"Nam ultrices, libero non mattis pulvinar, nulla pede ullamcorper a",Shipped,Credit card,Not paid
18,41,1/18/2023,7,Phasellus sit amet erat. Nulla tempus. Vivamus in felis eu sapien ,Pending,Credit card,Not paid
19,44,10/8/2022,10,Curabitur at ipsum ac tellus semper interdum. Mauris ullamcorper p,Shipped,Credit card,Not paid
20,20,10/8/2022,1,Curabitur gravida nisi at nibh. In hac habitasse platea dictumst. ,Pending,Cash,Not paid
21,70,4/5/2023,7,Aliquam quis turpis eget elit sodales scelerisque. Mauris sit amet,Delivered,Credit card,Not paid
22,53,4/21/2023,8,"Vestibulum quam sapien, varius ut, blandit non, interdum in, ante.",Delivered,Credit card,Not paid
23,20,8/18/2022,10,"In hac habitasse platea dictumst. Morbi vestibulum, velit id preti",Delivered,Cash,Paid
24,22,8/3/2022,10,"Nam ultrices, libero non mattis pulvinar, nulla pede ullamcorper a",Delivered,Credit card,Not paid
25,25,7/14/2022,11,"Cum sociis natoque penatibus et magnis dis parturient montes, nasc",Delivered,Credit card,Paid
26,37,3/17/2023,2,Phasellus in felis. Donec semper sapien a libero. Nam dui.,Shipped,Credit card,Paid
27,50,1/24/2023,14,Maecenas ut massa quis augue luctus tincidunt. Nulla mollis molest,Delivered,Credit card,Paid
28,10,1/24/2023,1,Nullam porttitor lacus at turpis. Donec posuere metus vitae ipsum.,Pending,Credit card,Not paid
29,23,1/17/2023,14,"Sed sagittis. Nam congue, risus semper porta volutpat, quam pede l",Shipped,Credit card,Paid
30,49,6/19/2022,10,Duis bibendum. Morbi non quam nec dui luctus rutrum. Nulla tellus.,Pending,Cash,Paid
31,58,10/10/2022,1,Sed ante. Vivamus tortor. Duis mattis egestas metus.,Pending,Credit card,Paid
32,37,5/16/2022,8,Cras non velit nec nisi vulputate nonummy. Maecenas tincidunt lacu,Delivered,Credit card,Paid
33,63,1/30/2023,10,"Lorem ipsum dolor sit amet, consectetuer adipiscing elit. Proin ri",Pending,Cash,Paid
34,19,6/18/2022,11,"In sagittis dui vel nisl. Duis ac nibh. Fusce lacus purus, aliquet",Shipped,Cash,Paid
35,70,4/19/2023,4,Praesent id massa id nisl venenatis lacinia. Aenean sit amet justo,Pending,Cash,Not paid
36,15,12/28/2022,2,"Donec diam neque, vestibulum eget, vulputate ut, ultrices vel, aug",Pending,Cash,Paid
37,21,12/6/2022,14,Phasellus sit amet erat. Nulla tempus. Vivamus in felis eu sapien ,Shipped,Cash,Not paid
38,35,8/4/2022,9,Integer tincidunt ante vel ipsum. Praesent blandit lacinia erat. V,Delivered,Credit card,Not paid
39,61,11/26/2022,14,Aliquam quis turpis eget elit sodales scelerisque. Mauris sit amet,Shipped,Credit card,Not paid
40,69,5/5/2022,8,"Maecenas leo odio, condimentum id, luctus nec, molestie sed, justo",Pending,Credit card,Paid
41,49,4/3/2023,15,"Fusce posuere felis sed lacus. Morbi sem mauris, laoreet ut, rhonc",Pending,Credit card,Paid
42,53,7/23/2022,7,"Quisque porta volutpat erat. Quisque erat eros, viverra eget, cong",Pending,Cash,Paid
43,31,5/5/2022,4,Nullam porttitor lacus at turpis. Donec posuere metus vitae ipsum.,Shipped,Credit card,Paid
44,45,4/30/2022,10,Curabitur gravida nisi at nibh. In hac habitasse platea dictumst. ,Shipped,Credit card,Paid
45,28,5/5/2022,5,"Nam ultrices, libero non mattis pulvinar, nulla pede ullamcorper a",Delivered,Cash,Not paid
46,65,8/27/2022,5,Morbi non lectus. Aliquam sit amet diam in magna bibendum imperdie,Pending,Cash,Not paid
47,39,2/2/2023,2,Curabitur gravida nisi at nibh. In hac habitasse platea dictumst. ,Shipped,Cash,Not paid
48,62,8/23/2022,13,"Quisque porta volutpat erat. Quisque erat eros, viverra eget, cong",Pending,Cash,Paid
49,50,11/23/2022,5,Morbi porttitor lorem id ligula. Suspendisse ornare consequat lect,Shipped,Cash,Not paid
50,46,9/12/2022,9,"Duis bibendum, felis sed interdum venenatis, turpis enim blandit m",Delivered,Cash,Paid
51,68,1/6/2023,5,Etiam vel augue. Vestibulum rutrum rutrum neque. Aenean auctor gra,Delivered,Cash,Not paid
52,22,8/14/2022,3,Nullam porttitor lacus at turpis. Donec posuere metus vitae ipsum.,Shipped,Cash,Not paid
53,34,10/14/2022,13,"Fusce posuere felis sed lacus. Morbi sem mauris, laoreet ut, rhonc",Delivered,Cash,Not paid
54,27,12/23/2022,3,"Vestibulum quam sapien, varius ut, blandit non, interdum in, ante.",Shipped,Credit card,Paid
55,70,6/27/2022,4,"Maecenas leo odio, condimentum id, luctus nec, molestie sed, justo",Delivered,Cash,Paid
56,14,12/21/2022,6,"Mauris enim leo, rhoncus sed, vestibulum sit amet, cursus id, turp",Delivered,Cash,Paid
57,7,9/10/2022,15,Nullam sit amet turpis elementum ligula vehicula consequat. Morbi ,Shipped,Cash,Paid
58,9,3/28/2023,10,"Praesent blandit. Nam nulla. Integer pede justo, lacinia eget, tin",Shipped,Cash,Paid
59,49,9/23/2022,6,"Vestibulum ac est lacinia nisi venenatis tristique. Fusce congue, ",Shipped,Credit card,Paid
60,58,8/4/2022,14,"Duis bibendum, felis sed interdum venenatis, turpis enim blandit m",Pending,Credit card,Paid
61,67,10/17/2022,4,"Fusce posuere felis sed lacus. Morbi sem mauris, laoreet ut, rhonc",Delivered,Credit card,Not paid
62,26,4/17/2023,12,Phasellus sit amet erat. Nulla tempus. Vivamus in felis eu sapien ,Shipped,Credit card,Not paid
63,60,3/21/2023,2,"In hac habitasse platea dictumst. Morbi vestibulum, velit id preti",Shipped,Credit card,Paid
64,32,6/20/2022,12,Praesent id massa id nisl venenatis lacinia. Aenean sit amet justo,Shipped,Cash,Not paid
65,13,7/21/2022,3,"Vestibulum ac est lacinia nisi venenatis tristique. Fusce congue, ",Delivered,Credit card,Paid
66,42,9/22/2022,10,"Praesent blandit. Nam nulla. Integer pede justo, lacinia eget, tin",Pending,Cash,Not paid
67,31,12/4/2022,14,"Lorem ipsum dolor sit amet, consectetuer adipiscing elit. Proin ri",Delivered,Cash,Not paid
68,44,2/6/2023,9,Aenean fermentum. Donec ut mauris eget massa tempor convallis. Nul,Pending,Cash,Paid
69,1,11/26/2022,2,"Proin eu mi. Nulla ac enim. In tempor, turpis nec euismod sceleris",Shipped,Cash,Not paid
70,40,4/6/2023,2,"Donec diam neque, vestibulum eget, vulputate ut, ultrices vel, aug",Pending,Cash,Paid
71,31,11/4/2022,2,Aliquam quis turpis eget elit sodales scelerisque. Mauris sit amet,Delivered,Credit card,Not paid
72,26,9/21/2022,5,"In sagittis dui vel nisl. Duis ac nibh. Fusce lacus purus, aliquet",Shipped,Credit card,Not paid
73,17,9/7/2022,15,"Praesent blandit. Nam nulla. Integer pede justo, lacinia eget, tin",Shipped,Credit card,Not paid
74,55,5/27/2022,4,In congue. Etiam justo. Etiam pretium iaculis justo.,Pending,Credit card,Not paid
75,50,10/9/2022,3,In hac habitasse platea dictumst. Etiam faucibus cursus urna. Ut t,Pending,Credit card,Paid
76,55,9/16/2022,10,Curabitur at ipsum ac tellus semper interdum. Mauris ullamcorper p,Shipped,Cash,Not paid
77,31,9/10/2022,6,"Sed sagittis. Nam congue, risus semper porta volutpat, quam pede l",Shipped,Credit card,Paid
78,52,10/27/2022,11,"Donec diam neque, vestibulum eget, vulputate ut, ultrices vel, aug",Delivered,Cash,Paid
79,5,3/28/2023,12,"Lorem ipsum dolor sit amet, consectetuer adipiscing elit. Proin ri",Pending,Cash,Not paid
80,12,9/17/2022,6,"Mauris enim leo, rhoncus sed, vestibulum sit amet, cursus id, turp",Shipped,Credit card,Not paid
81,3,4/11/2023,4,"Vestibulum ac est lacinia nisi venenatis tristique. Fusce congue, ",Pending,Cash,Not paid
82,23,5/4/2022,3,Cras non velit nec nisi vulputate nonummy. Maecenas tincidunt lacu,Pending,Cash,Paid
83,36,5/29/2022,2,Phasellus sit amet erat. Nulla tempus. Vivamus in felis eu sapien ,Shipped,Credit card,Not paid
84,36,10/20/2022,14,"Lorem ipsum dolor sit amet, consectetuer adipiscing elit. Proin ri",Delivered,Cash,Not paid
85,8,9/12/2022,15,"In sagittis dui vel nisl. Duis ac nibh. Fusce lacus purus, aliquet",Shipped,Credit card,Paid
86,62,5/22/2022,13,Aliquam quis turpis eget elit sodales scelerisque. Mauris sit amet,Pending,Credit card,Not paid
87,50,9/15/2022,6,Praesent id massa id nisl venenatis lacinia. Aenean sit amet justo,Shipped,Cash,Not paid
88,42,8/2/2022,3,"Duis bibendum, felis sed interdum venenatis, turpis enim blandit m",Pending,Credit card,Not paid
89,31,10/19/2022,14,Sed ante. Vivamus tortor. Duis mattis egestas metus.,Delivered,Cash,Not paid
90,70,5/17/2022,10,In congue. Etiam justo. Etiam pretium iaculis justo.,Shipped,Credit card,Paid
91,41,8/6/2022,4,Duis consequat dui nec nisi volutpat eleifend. Donec ut dolor. Mor,Delivered,Cash,Paid
92,43,2/2/2023,10,In congue. Etiam justo. Etiam pretium iaculis justo.,Shipped,Cash,Paid
93,47,1/13/2023,15,Sed ante. Vivamus tortor. Duis mattis egestas metus.,Delivered,Cash,Paid
94,55,12/17/2022,4,Curabitur gravida nisi at nibh. In hac habitasse platea dictumst. ,Pending,Credit card,Paid
95,33,2/6/2023,3,Integer ac leo. Pellentesque ultrices mattis odio. Donec vitae nis,Delivered,Cash,Not paid
96,16,5/7/2022,13,Cras non velit nec nisi vulputate nonummy. Maecenas tincidunt lacu,Pending,Credit card,Not paid
97,41,6/5/2022,4,Fusce consequat. Nulla nisl. Nunc nisl.,Shipped,Cash,Not paid
98,43,4/13/2023,14,"Proin eu mi. Nulla ac enim. In tempor, turpis nec euismod sceleris",Shipped,Cash,Not paid
99,29,8/28/2022,6,Nullam porttitor lacus at turpis. Donec posuere metus vitae ipsum.,Pending,Credit card,Paid
100,44,8/30/2022,13,Integer ac leo. Pellentesque ultrices mattis odio. Donec vitae nis,Pending,Cash,Paid
