publisher_id,name,phone,city,street,street_number
1,Penguin Random House,+62-949-184-9044,Citalahab,Southridge,61
2,HarperCollins,+86-779-782-3695,Liuge,Ilene,190
3,Simon & Schuster,+229-859-546-0122,Pobé,Novick,70
4,Hachette Livre,+86-225-987-5985,Menglie,Birchwood,46
5,Macmillan Publishers,+63-151-581-6108,Balading,Fordem,192
6,Penguin Random House,+52-606-239-9584,La Esperanza,Wayridge,283
7,Scholastic Corporation,+62-124-127-0155,Taluncemara,Sunfield,139
8,Oxford University Press,+86-680-626-5422,Longhua,Delaware,233
9,Cambridge University Press,+7-876-782-7938,Severnoye,Kinsman,34
10,University of California Press,+359-306-558-3890,Klisura,Chive,135
11,University of Chicago Press,+86-902-295-7177,Nanjie,Westerfield,110
12,University of Toronto Press,+27-173-891-0571,Empangeni,Hayes,217
13,MIT Press,+46-748-332-3856,Sandviken,Melvin,21
14,Princeton University Press,+86-195-401-6988,Hancheng,Sycamore,108
15,Yale University Press,+49-445-936-6995,Bremen,Heath,11
16,Harvard University Press,+54-595-280-6785,Jesús María,Quincy,184
17,Bloomsbury Publishing,+7-746-330-7813,Idrinskoye,Lillian,157
18,W. W. Norton & Company,+81-556-416-3559,Miharu,Marcy,229
19,Penguin Classics,+7-243-307-1001,Zhigulevsk,Ludington,45
20,Vintage Books,+216-946-480-6429,Kebili,Mcbride,149
21,"Farrar, Straus and Giroux",+81-426-729-9200,Rifu,Division,122
22,Alfred A. Knopf,+963-530-865-3527,Şalākhid,Sloan,231
23,Doubleday,+34-746-795-1645,Valladolid,Fremont,10
24,Viking Press,+387-893-953-5237,Šipovo,Ilene,60
25,St. Martin's Press,+504-670-192-0583,San Marcos de Colón,Lawn,256
26,"Little, Brown and Company",+27-767-143-2562,Kuruman,Division,44
27,Dutton Books,+7-689-104-9551,Yelizavetinskaya,Tomscot,120
28,Tor Books,+375-500-141-1751,Smilavichy,Oak,120
29,Ace Books,+82-487-670-1312,Yesan,Arrowood,78
30,Baen Books,+52-184-793-8233,San Pedro,Scofield,2
31,Del Rey Books,+81-557-111-3913,Oyabe,Portage,92
32,Harper Voyager,+1-260-794-4057,Fort Wayne,New Castle,273
33,Orbit Books,+1-392-489-0875,Mount Pearl,Dovetail,77
34,Gollancz,+381-867-704-4724,Klenak,Lien,7
35,Angry Robot,+7-806-407-9039,Kayasula,Menomonie,293
36,Candlewick Press,+86-340-669-8429,Qiaotou,Summit,225
37,Abrams Books,+81-496-786-4813,Suwa,Macpherson,221
38,Chronicle Books,+234-335-174-8991,Oke Mesi,Messerschmidt,142
39,Schiffer Publishing,+381-717-622-5938,Niška Banja,Oneill,223
40,Phaidon Press,+967-928-720-9789,Al Bilād,Ridgeview,233
41,Taschen,+216-381-636-0267,Menzel Bourguiba,Novick,240
42,Rizzoli International Publications,+86-504-989-1901,Hengdong Chengguanzhen,Spaight,66
43,Assouline,+351-918-431-2563,Cruz,Delladonna,229
44,National Geographic Society,+86-970-653-6308,Mengjia,Oxford,163
45,Lonely Planet,+55-676-398-1766,Cruzeiro do Oeste,Parkside,241
46,Bradt Travel Guides,+856-279-404-2353,Viengxay,Larry,49
47,Fodor's Travel,+86-999-328-1912,Lianghe,Butterfield,98
48,Michelin Guides,+46-984-393-7033,Sundsvall,Sommers,299
49,Rough Guides,+54-827-890-1716,Laborde,Merrick,123
50,Frommer's,+503-148-905-9609,Lolotique,Sundown,152
51,Lonely Planet Kids,+598-527-241-5923,Nueva Helvecia,Village,172
52,DK Travel,+86-821-981-6216,Xin’an,Mcbride,93
53,Time Inc. Books,+86-565-498-5423,Changhua,Sage,140
54,Weldon Owen,+86-528-394-2092,Buyunshan,Blaine,248
55,Running Press,+1-832-585-8349,Spring,Blackbird,66
56,Workman Publishing Company,+381-491-602-0946,Toba,Summit,151
57,Andrews McMeel Publishing,+34-445-298-3590,Elx/Elche,Crest Line,94
58,Sterling Publishing,+33-789-592-6518,Nevers,Stuart,196
59,Barron's Educational Series,+62-350-543-8862,Muting,Basil,87
60,McGraw-Hill Education,+7-439-136-2412,Novotroitsk,Porter,191
61,Wiley-Blackwell,+263-298-353-0356,Chakari,Commercial,29
62,Routledge,+86-329-785-3594,Dawu Chengguanzhen,Stoughton,155
63,Sage Publications,+44-565-686-9295,London,Northwestern,89
64,Palgrave Macmillan,+86-545-378-5681,Zengguang,Eggendart,115
65,Elsevier,+359-475-164-5341,Sitovo,Oriole,109
66,Taylor & Francis Group,+62-956-685-8905,Golek,Del Mar,41
67,Springer Nature,+86-660-944-6275,Wanjiazhuang,Bluejay,82
68,Oxford University Press USA,+46-412-888-4606,Smålandsstenar,Scofield,5
69,Cambridge University Press USA,+420-661-857-8101,Zubří,Hovde,86
70,"W. W. Norton & Company, Inc.",+93-773-370-5952,Sang-e Māshah,Stephen,144
71,Thames & Hudson,+58-113-945-9567,Barrancas,Michigan,91
72,Grove Press,+359-355-622-1304,Gabrovo,Marcy,29
73,Canongate Books,+46-921-922-5359,Kristianstad,Hanson,253
74,Graywolf Press,+380-870-765-5766,Velyka Bahachka,Oakridge,51
75,Beacon Press,+86-666-853-2148,Xinpu,Elmside,160
76,Europa Editions,+51-156-292-1420,Cajamarca,Hooker,8
77,Coffee House Press,+52-318-838-4623,Loma Bonita,4th,231
78,McSweeney's,+86-975-963-9184,Yedun,Petterle,48
79,Akashic Books,+66-829-599-6343,Nakhon Nayok,Maple Wood,172
80,Tin House Books,+45-718-907-3020,København,Moland,195
81,Soft Skull Press,+86-709-508-0203,Langchuan,Nancy,172
82,Melville House,+62-845-288-1958,Cikalang,3rd,194
83,Milkweed Editions,+380-147-891-7446,Velyka Mykhaylivka,Sloan,143
84,Red Hen Press,+63-852-280-2251,Bislig,Northridge,203
85,Two Lines Press,+1-601-737-3912,Jackson,Bay,220
86,New Directions Publishing,+86-797-323-7973,Bao’an,Golf,258
87,Copper Canyon Press,+58-685-258-2184,Pregonero,Gerald,191
88,Counterpoint Press,+63-917-656-9173,Balangiga,Montana,160
89,Black Sparrow Press,+63-588-799-9989,Kagay,Jenifer,73
90,Algonquin Books,+63-873-319-7101,Panitian,Bunker Hill,133
91,Graymalkin Media,+55-793-485-0536,Guaíba,Huxley,164
92,Seven Stories Press,+46-368-845-7159,Norrtälje,Arkansas,83
93,Haymarket Books,+86-755-477-3412,Changdai,Truax,111
94,Soho Press,+358-585-399-7999,Köyliö,Miller,130
95,Open Letter Books,+86-639-978-7747,Shahe,Bay,140
96,University of Nebraska Press,+228-944-719-2502,Vogan,Summerview,281
97,University of Minnesota Press,+371-775-772-2660,Ainaži,Goodland,162
98,University of Oklahoma Press,+370-338-527-4526,Žemaičių Naumiestis,Oxford,70
99,Louisiana State University Press,+351-171-833-4487,Felgueiras,Oakridge,290
100,University of Georgia Press,+51-687-442-6574,San Ramón,Jana,108
