review_id,customer_id,book_id,description
1,13,31,Aenean fermentum. Donec ut mauris eget massa tempor convallis. Nulla ne
2,20,17,Morbi non lectus. Aliquam sit amet diam in magna bibendum imperdiet. Nu
3,68,37,Morbi porttitor lorem id ligula. Suspendisse ornare consequat lectus. I
4,34,53,Aenean fermentum. Donec ut mauris eget massa tempor convallis. Nulla ne
5,47,64,Duis bibendum. Morbi non quam nec dui luctus rutrum. Nulla tellus.
6,53,53,"Mauris enim leo, rhoncus sed, vestibulum sit amet, cursus id, turpis. I"
7,31,26,Pellentesque at nulla. Suspendisse potenti. Cras in purus eu magna vulp
8,20,59,Curabitur at ipsum ac tellus semper interdum. Mauris ullamcorper purus 
9,33,60,Nullam porttitor lacus at turpis. Donec posuere metus vitae ipsum. Aliq
10,49,51,"Duis bibendum, felis sed interdum venenatis, turpis enim blandit mi, in"
11,52,66,Integer ac leo. Pellentesque ultrices mattis odio. Donec vitae nisi.
12,9,62,Proin interdum mauris non ligula pellentesque ultrices. Phasellus id sa
13,11,57,Phasellus in felis. Donec semper sapien a libero. Nam dui.
14,47,15,Aenean lectus. Pellentesque eget nunc. Donec quis orci eget orci vehicu
15,28,33,Aenean fermentum. Donec ut mauris eget massa tempor convallis. Nulla ne
16,35,17,"Proin leo odio, porttitor id, consequat in, consequat ut, nulla. Sed ac"
17,52,63,"Fusce posuere felis sed lacus. Morbi sem mauris, laoreet ut, rhoncus al"
18,40,14,"Vestibulum ac est lacinia nisi venenatis tristique. Fusce congue, diam "
19,62,19,"Proin leo odio, porttitor id, consequat in, consequat ut, nulla. Sed ac"
20,55,7,In congue. Etiam justo. Etiam pretium iaculis justo.
21,47,67,Praesent id massa id nisl venenatis lacinia. Aenean sit amet justo. Mor
22,41,44,Nullam porttitor lacus at turpis. Donec posuere metus vitae ipsum. Aliq
23,14,26,Cras non velit nec nisi vulputate nonummy. Maecenas tincidunt lacus at 
24,21,36,"Nam ultrices, libero non mattis pulvinar, nulla pede ullamcorper augue,"
25,22,14,"Curabitur in libero ut massa volutpat convallis. Morbi odio odio, eleme"
26,17,39,Nullam porttitor lacus at turpis. Donec posuere metus vitae ipsum. Aliq
27,30,69,Nullam sit amet turpis elementum ligula vehicula consequat. Morbi a ips
28,6,14,"Quisque porta volutpat erat. Quisque erat eros, viverra eget, congue eg"
29,59,53,In hac habitasse platea dictumst. Etiam faucibus cursus urna. Ut tellus
30,63,7,"Lorem ipsum dolor sit amet, consectetuer adipiscing elit. Proin risus. "
31,65,4,"Praesent blandit. Nam nulla. Integer pede justo, lacinia eget, tincidun"
32,5,35,Pellentesque at nulla. Suspendisse potenti. Cras in purus eu magna vulp
33,48,39,"Proin eu mi. Nulla ac enim. In tempor, turpis nec euismod scelerisque, "
34,25,57,In hac habitasse platea dictumst. Etiam faucibus cursus urna. Ut tellus
35,14,34,Pellentesque at nulla. Suspendisse potenti. Cras in purus eu magna vulp
36,37,56,Pellentesque at nulla. Suspendisse potenti. Cras in purus eu magna vulp
37,14,62,Fusce consequat. Nulla nisl. Nunc nisl.
38,15,52,Curabitur at ipsum ac tellus semper interdum. Mauris ullamcorper purus 
39,32,66,Aenean fermentum. Donec ut mauris eget massa tempor convallis. Nulla ne
40,53,21,"In sagittis dui vel nisl. Duis ac nibh. Fusce lacus purus, aliquet at, "
41,24,12,Aenean lectus. Pellentesque eget nunc. Donec quis orci eget orci vehicu
42,48,11,In congue. Etiam justo. Etiam pretium iaculis justo.
43,41,9,Curabitur at ipsum ac tellus semper interdum. Mauris ullamcorper purus 
44,15,18,Integer ac leo. Pellentesque ultrices mattis odio. Donec vitae nisi.
45,26,29,Duis bibendum. Morbi non quam nec dui luctus rutrum. Nulla tellus.
46,30,23,Curabitur gravida nisi at nibh. In hac habitasse platea dictumst. Aliqu
47,68,46,Suspendisse potenti. In eleifend quam a odio. In hac habitasse platea d
48,53,60,Duis bibendum. Morbi non quam nec dui luctus rutrum. Nulla tellus.
49,34,44,Etiam vel augue. Vestibulum rutrum rutrum neque. Aenean auctor gravida 
50,30,60,"Sed sagittis. Nam congue, risus semper porta volutpat, quam pede lobort"
51,33,11,Duis aliquam convallis nunc. Proin at turpis a pede posuere nonummy. In
52,56,11,Integer ac leo. Pellentesque ultrices mattis odio. Donec vitae nisi.
53,47,46,"Mauris enim leo, rhoncus sed, vestibulum sit amet, cursus id, turpis. I"
54,59,44,"Cum sociis natoque penatibus et magnis dis parturient montes, nascetur "
55,63,70,Aenean fermentum. Donec ut mauris eget massa tempor convallis. Nulla ne
56,68,1,Maecenas ut massa quis augue luctus tincidunt. Nulla mollis molestie lo
57,4,25,Aenean lectus. Pellentesque eget nunc. Donec quis orci eget orci vehicu
58,46,46,Aliquam quis turpis eget elit sodales scelerisque. Mauris sit amet eros
59,56,57,Aenean lectus. Pellentesque eget nunc. Donec quis orci eget orci vehicu
60,6,10,"Duis bibendum, felis sed interdum venenatis, turpis enim blandit mi, in"
61,51,28,"Mauris enim leo, rhoncus sed, vestibulum sit amet, cursus id, turpis. I"
62,21,10,Integer tincidunt ante vel ipsum. Praesent blandit lacinia erat. Vestib
63,8,34,"Curabitur in libero ut massa volutpat convallis. Morbi odio odio, eleme"
64,53,47,Duis bibendum. Morbi non quam nec dui luctus rutrum. Nulla tellus.
65,17,4,Aliquam quis turpis eget elit sodales scelerisque. Mauris sit amet eros
66,33,69,"Quisque porta volutpat erat. Quisque erat eros, viverra eget, congue eg"
67,21,13,Pellentesque at nulla. Suspendisse potenti. Cras in purus eu magna vulp
68,7,33,"Fusce posuere felis sed lacus. Morbi sem mauris, laoreet ut, rhoncus al"
69,59,16,Maecenas ut massa quis augue luctus tincidunt. Nulla mollis molestie lo
70,61,6,Curabitur gravida nisi at nibh. In hac habitasse platea dictumst. Aliqu
71,65,67,Morbi non lectus. Aliquam sit amet diam in magna bibendum imperdiet. Nu
72,12,2,"Mauris enim leo, rhoncus sed, vestibulum sit amet, cursus id, turpis. I"
73,52,47,"In hac habitasse platea dictumst. Morbi vestibulum, velit id pretium ia"
74,64,63,Nullam sit amet turpis elementum ligula vehicula consequat. Morbi a ips
75,2,13,"Praesent blandit. Nam nulla. Integer pede justo, lacinia eget, tincidun"
76,14,12,Duis aliquam convallis nunc. Proin at turpis a pede posuere nonummy. In
77,59,45,Proin interdum mauris non ligula pellentesque ultrices. Phasellus id sa
78,23,45,"Donec diam neque, vestibulum eget, vulputate ut, ultrices vel, augue. V"
79,55,12,"Nam ultrices, libero non mattis pulvinar, nulla pede ullamcorper augue,"
80,2,11,Nulla ut erat id mauris vulputate elementum. Nullam varius. Nulla facil
81,36,65,"Cras mi pede, malesuada in, imperdiet et, commodo vulputate, justo. In "
82,23,35,"Donec diam neque, vestibulum eget, vulputate ut, ultrices vel, augue. V"
83,70,44,Morbi porttitor lorem id ligula. Suspendisse ornare consequat lectus. I
84,67,16,Nullam porttitor lacus at turpis. Donec posuere metus vitae ipsum. Aliq
85,59,38,"Proin eu mi. Nulla ac enim. In tempor, turpis nec euismod scelerisque, "
86,3,38,Duis bibendum. Morbi non quam nec dui luctus rutrum. Nulla tellus.
87,17,55,Nulla ut erat id mauris vulputate elementum. Nullam varius. Nulla facil
88,61,30,In congue. Etiam justo. Etiam pretium iaculis justo.
89,3,15,Aenean fermentum. Donec ut mauris eget massa tempor convallis. Nulla ne
90,49,26,Curabitur gravida nisi at nibh. In hac habitasse platea dictumst. Aliqu
91,66,69,Morbi non lectus. Aliquam sit amet diam in magna bibendum imperdiet. Nu
92,64,42,Quisque id justo sit amet sapien dignissim vestibulum. Vestibulum ante 
93,50,70,Maecenas ut massa quis augue luctus tincidunt. Nulla mollis molestie lo
94,60,28,In hac habitasse platea dictumst. Etiam faucibus cursus urna. Ut tellus
95,29,24,"Lorem ipsum dolor sit amet, consectetuer adipiscing elit. Proin risus. "
96,14,15,Integer ac leo. Pellentesque ultrices mattis odio. Donec vitae nisi.
97,1,23,Nulla ut erat id mauris vulputate elementum. Nullam varius. Nulla facil
98,57,46,"In hac habitasse platea dictumst. Morbi vestibulum, velit id pretium ia"
99,2,21,In quis justo. Maecenas rhoncus aliquam lacus. Morbi quis tortor id nul
100,66,9,Aliquam quis turpis eget elit sodales scelerisque. Mauris sit amet eros
